ofl	42dotsans
ofl	abeezee
ofl	abel
ofl	abhayalibre
ofl	aboreto
ofl	abrilfatface
ofl	abyssinicasil
apache	aclonica
ofl	acme
ofl	actor
ofl	adamina
ofl	adlamdisplay
ofl	adobeblank
ofl	adventpro
ofl	afacad
ofl	afacadflux
ofl	agbalumo
ofl	agdasima
ofl	aguafinascript
ofl	agudisplay
ofl	akatab
ofl	akayakanadaka
ofl	akayatelivigala
ofl	akronim
ofl	akshar
ofl	akt
ofl	aladin
ofl	alansans
ofl	alata
ofl	alatsi
ofl	albertsans
ofl	aldrich
ofl	alef
ofl	alegreya
ofl	alegreyasans
ofl	alegreyasanssc
ofl	alegreyasc
ofl	aleo
ofl	alexandria
ofl	alexbrush
ofl	alfaslabone
ofl	alice
ofl	alienblock
ofl	alike
ofl	alikeangular
ofl	alkalami
ofl	alkatra
ofl	allan
ofl	allerta
ofl	allertastencil
ofl	allison
ofl	allkin
ofl	allura
ofl	almarai
ofl	almendra
ofl	almendradisplay
ofl	almendrasc
ofl	alumnisans
ofl	alumnisanscollegiateone
ofl	alumnisanscollegiateonesc
ofl	alumnisansinlineone
ofl	alumnisanspinstripe
ofl	alumnisanssc
ofl	alyamama
ofl	amarante
ofl	amaranth
ofl	amarna
ofl	amaticsc
ofl	amethysta
ofl	amiko
ofl	amiri
ofl	amiriquran
ofl	amita
ofl	anaheim
ofl	ancizarsans
ofl	ancizarserif
ofl	andadapro
ofl	andika
ofl	anekbangla
ofl	anekdevanagari
ofl	anekgujarati
ofl	anekgurmukhi
ofl	anekkannada
ofl	aneklatin
ofl	anekmalayalam
ofl	anekodia
ofl	anektamil
ofl	anektelugu
ofl	angkor
ofl	annapurnasil
ofl	annieuseyourtelescope
ofl	anonymouspro
ofl	anta
ofl	antic
ofl	anticdidone
ofl	anticslab
ofl	anton
ofl	antonio
ofl	antonsc
ofl	anuphan
ofl	anybody
ofl	aoboshione
ofl	arapey
ofl	arbutus
ofl	arbutusslab
ofl	architectsdaughter
ofl	archivo
ofl	archivoblack
ofl	archivonarrow
ofl	arefruqaa
ofl	arefruqaaink
ofl	areyouserious
ofl	arima
ofl	arimo
ofl	arizonia
ofl	armata
ofl	aronesans
ofl	arsenal
ofl	arsenalsc
ofl	artifika
ofl	arvo
ofl	arya
ofl	asap
ofl	asapcondensed
ofl	asar
ofl	asimovian
ofl	asset
ofl	assistant
ofl	astasans
ofl	astloch
ofl	asul
ofl	athiti
ofl	atkinsonhyperlegible
ofl	atkinsonhyperlegiblemono
ofl	atkinsonhyperlegiblenext
ofl	atma
ofl	atomicage
ofl	aubrey
ofl	audiowide
ofl	autourone
ofl	average
ofl	averagesans
ofl	averiagruesalibre
ofl	averialibre
ofl	averiasanslibre
ofl	averiaseriflibre
ofl	azeretmono
ofl	b612
ofl	b612mono
ofl	babylonica
ofl	bacasimeantique
ofl	badeendisplay
ofl	badscript
ofl	bagelfatone
ofl	bahiana
ofl	bahianita
ofl	baijamjuree
ofl	bakbakone
ofl	ballet
ofl	baloo2
ofl	baloobhai2
ofl	baloobhaijaan2
ofl	baloobhaina2
ofl	baloochettan2
ofl	balooda2
ofl	baloopaaji2
ofl	balootamma2
ofl	balootammudu2
ofl	baloothambi2
ofl	balsamiqsans
ofl	balthazar
ofl	bangers
ofl	barlow
ofl	barlowcondensed
ofl	barlowsemicondensed
ofl	barriecito
ofl	barrio
ofl	basic
ofl	baskervville
ofl	baskervvillesc
ofl	batang
ofl	batangche
ofl	battambang
ofl	baumans
ofl	bayon
ofl	bbhbartle
ofl	bbhbogle
ofl	bbhhegarty
ofl	beaurivage
ofl	bebasneue
ofl	beiruti
ofl	belanosima
ofl	belgrano
ofl	bellefair
ofl	belleza
ofl	bellota
ofl	bellotatext
ofl	benchnine
ofl	benne
ofl	bentham
ofl	berkshireswash
ofl	besley
ofl	betaniapatmos
ofl	betaniapatmosgdl
ofl	betaniapatmosguideline
ofl	betaniapatmosin
ofl	betaniapatmosingdl
ofl	bethellen
ofl	bevan
ofl	bevietnampro
ofl	bhavuka
ofl	bhutukaexpandedone
ofl	bigelowrules
ofl	bigshotone
ofl	bigshoulders
ofl	bigshouldersdisplay
ofl	bigshouldersdisplaysc
ofl	bigshouldersinline
ofl	bigshouldersinlinedisplay
ofl	bigshouldersinlinedisplaysc
ofl	bigshouldersinlinetext
ofl	bigshouldersinlinetextsc
ofl	bigshouldersstencil
ofl	bigshouldersstencildisplay
ofl	bigshouldersstencildisplaysc
ofl	bigshouldersstenciltext
ofl	bigshouldersstenciltextsc
ofl	bigshoulderstext
ofl	bigshoulderstextsc
ofl	bilbo
ofl	bilboswashcaps
ofl	biorhyme
ofl	biorhymeexpanded
ofl	birthstone
ofl	birthstonebounce
ofl	biryani
ofl	bitcount
ofl	bitcountgriddouble
ofl	bitcountgriddoubleink
ofl	bitcountgridsingle
ofl	bitcountgridsingleink
ofl	bitcountink
ofl	bitcountpropdouble
ofl	bitcountpropdoubleink
ofl	bitcountpropsingle
ofl	bitcountpropsingleink
ofl	bitcountsingle
ofl	bitcountsingleink
ofl	bitter
ofl	bizudgothic
ofl	bizudmincho
ofl	bizudpgothic
ofl	bizudpmincho
ofl	bjcree
ofl	blackandwhitepicture
ofl	blackhansans
ofl	blackopsone
ofl	blaka
ofl	blakahollow
ofl	blakaink
ofl	blinker
ofl	bodonimoda
ofl	bodonimodasc
ofl	bokor
ofl	boldonse
ofl	bonanova
ofl	bonanovasc
ofl	bonbon
ofl	bonheurroyale
ofl	boogaloo
ofl	borel
ofl	bowlbyone
ofl	bowlbyonesc
ofl	bpmfhuninn
ofl	bpmfiansui
ofl	bpmfzihikaistd
ofl	braahone
ofl	brawler
ofl	breeserif
ofl	bricolagegrotesque
ofl	briemhand
ofl	brunoace
ofl	brunoacesc
ofl	brygada1918
ofl	bubblegumsans
ofl	bubblerone
ofl	buda
ofl	buenard
ofl	bungee
ofl	bungeecolor
ofl	bungeehairline
ofl	bungeeinline
ofl	bungeeoutline
ofl	bungeeshade
ofl	bungeespice
ofl	bungeetint
ofl	butcherman
ofl	butterflykids
ofl	bytesized
ofl	caacupeone
ofl	cabin
ofl	cabincondensed
ofl	cabinsketch
ofl	cactusclassicalserif
ofl	caesardressing
ofl	cagliostro
ofl	cairo
ofl	cairoplay
ofl	caladea
ofl	calistoga
apache	calligraffitti
ofl	calsans
ofl	cambay
ofl	cambo
ofl	candal
ofl	cantarell
ofl	cantataone
ofl	cantoraone
ofl	caprasimo
ofl	capriola
ofl	caramel
ofl	carattere
ofl	cardo
ofl	carlito
ofl	carme
ofl	carroisgothic
ofl	carroisgothicsc
ofl	carterone
ofl	cascadiacode
ofl	cascadiamono
ofl	castoro
ofl	castorotitling
ofl	catamaran
ofl	caudex
ofl	cause
ofl	caveat
ofl	caveatbrush
ofl	cedarvillecursive
ofl	cevicheone
ofl	chakrapetch
ofl	changa
ofl	changaone
ofl	chango
ofl	charissil
ofl	charm
ofl	charmonman
ofl	chathura
ofl	chauphilomeneone
ofl	chelaone
ofl	chelseamarket
ofl	chenla
ofl	cherish
ofl	cherrybombone
apache	cherrycreamsoda
ofl	cherryswash
apache	chewy
ofl	chicle
ofl	chilanka
ofl	chirongoroundtc
ofl	chironheihk
ofl	chironsunghk
ofl	chivo
ofl	chivomono
ofl	chocolateclassicalsans
ofl	chokokutai
ofl	chonburi
ofl	cinzel
ofl	cinzeldecorative
ofl	clickerscript
ofl	climatecrisis
ofl	coda
ofl	codystar
ofl	coiny
ofl	combo
ofl	comfortaa
ofl	comforter
ofl	comforterbrush
ofl	comicneue
ofl	comicrelief
apache	comingsoon
ofl	comme
ofl	commissioner
ofl	concertone
ofl	condiment
ofl	content
ofl	contrailone
ofl	convergence
ofl	cookie
ofl	copse
ofl	coralpixels
ofl	corben
ofl	corinthia
ofl	cormorant
ofl	cormorantgaramond
ofl	cormorantinfant
ofl	cormorantsc
ofl	cormorantunicase
ofl	cormorantupright
ofl	cossettetexte
ofl	cossettetitre
ofl	courgette
ofl	courierprime
ofl	cousine
ofl	coustard
ofl	coveredbyyourgrace
apache	craftygirls
ofl	creepster
apache	creepstercaps
ofl	creteround
ofl	crimsonpro
ofl	crimsontext
ofl	croissantone
apache	crushed
ofl	cuprum
ofl	cutefont
ofl	cutive
ofl	cutivemono
ofl	daibannasil
ofl	damion
ofl	dancingscript
ofl	danfo
ofl	dangrek
ofl	darkergrotesque
ofl	darumadropone
ofl	datatype
ofl	davidlibre
ofl	dawningofanewday
ofl	daysone
ofl	dekko
ofl	delagothicone
ofl	delicioushandrawn
ofl	delius
ofl	deliusswashcaps
ofl	deliusunicase
ofl	dellarespira
ofl	denkone
ofl	devonshire
ofl	dhurjati
ofl	dhyana
ofl	didactgothic
ofl	digitalnumbers
ofl	diphylleia
ofl	diplomata
ofl	diplomatasc
ofl	dmmono
ofl	dmsans
ofl	dmserifdisplay
ofl	dmseriftext
ofl	dohyeon
ofl	dokdo
ofl	domine
ofl	donegalone
ofl	dongle
ofl	doppioone
ofl	dorsa
ofl	dosis
ofl	dotgothic16
ofl	doto
ofl	dotum
ofl	dotumche
ofl	drsugiyama
ofl	durusans
ofl	dynalight
ofl	dynapuff
ofl	eaglelake
ofl	eastseadokdo
ofl	eater
ofl	ebgaramond
ofl	economica
ofl	eczar
ofl	eduauvicwantarrows
ofl	eduauvicwantdots
ofl	eduauvicwantguides
ofl	eduauvicwanthand
ofl	eduauvicwantpre
ofl	edunswactfoundation
ofl	eduqldbeginner
ofl	edusabeginner
ofl	edutasbeginner
ofl	eduvicwantbeginner
ofl	ekmukta
ofl	electrolize
ofl	elmessiri
ofl	elmssans
ofl	elsie
ofl	elsieswashcaps
ofl	emblemaone
ofl	emilyscandy
ofl	encodesans
ofl	encodesanscondensed
ofl	encodesansexpanded
ofl	encodesanssc
ofl	encodesanssemicondensed
ofl	encodesanssemiexpanded
ofl	engagement
ofl	englebert
ofl	enriqueta
ofl	ephesis
ofl	epilogue
ofl	epundasans
ofl	epundaslab
ofl	ericaone
ofl	esteban
ofl	estedad
ofl	estonia
ofl	euphoriascript
ofl	ewert
ofl	exile
ofl	exo
ofl	exo2
ofl	expletussans
ofl	explora
ofl	facultyglyphic
ofl	fahkwang
ofl	familjengrotesk
ofl	fanwoodtext
ofl	farro
ofl	farsan
ofl	fascinate
ofl	fascinateinline
ofl	fasterone
ofl	fasthand
ofl	faunaone
ofl	faustina
ofl	federant
ofl	federo
ofl	felipa
ofl	fenix
ofl	festive
ofl	figtree
ofl	fingerpaint
ofl	finlandica
ofl	finlandicaheadline
ofl	finlandicatext
ofl	firacode
ofl	firamono
ofl	firasans
ofl	firasanscondensed
ofl	firasansextracondensed
ofl	fjallaone
ofl	fjordone
ofl	flamenco
ofl	flavors
ofl	fleurdeleah
ofl	flowblock
ofl	flowcircular
ofl	flowrounded
ofl	foldit
ofl	fondamento
apache	fontdinerswanky
ofl	forum
ofl	fragmentmono
ofl	fragmentmonosc
ofl	francoisone
ofl	frankruhllibre
ofl	fraunces
ofl	freckleface
ofl	frederickathegreat
ofl	fredoka
ofl	freehand
ofl	freeman
ofl	fresca
ofl	frijole
ofl	fruktur
ofl	fugazone
ofl	fuggles
ofl	funneldisplay
ofl	funnelsans
ofl	fustat
ofl	fuzzybubbles
ofl	gabarito
ofl	gabriela
ofl	gaegu
ofl	gafata
ofl	gajrajone
ofl	galada
ofl	galdeano
ofl	galindo
ofl	gamaamli
ofl	gamjaflower
ofl	gantari
ofl	gasoekone
ofl	gayathri
ofl	geist
ofl	geistmono
ofl	geistpixel
ofl	gelasio
ofl	gemunulibre
ofl	genos
ofl	gentiumbookplus
ofl	gentiumplus
ofl	geo
ofl	geologica
ofl	geom
ofl	geomini
ofl	georama
ofl	geostar
ofl	geostarfill
ofl	germaniaone
ofl	gfsdidot
ofl	gfsneohellenic
ofl	gideonroman
ofl	gidole
ofl	gidugu
ofl	gildadisplay
ofl	girassol
ofl	giveyouglory
ofl	glassantiqua
ofl	glegoo
ofl	gloock
ofl	gloriahallelujah
ofl	glory
ofl	gluten
ofl	goblinone
ofl	gochihand
ofl	goldman
ofl	golostext
ofl	googlesanscode
ofl	gorditas
ofl	gothica1
ofl	gotu
ofl	goudybookletter1911
ofl	gowunbatang
ofl	gowundodum
ofl	graduate
ofl	grandhotel
ofl	grandifloraone
ofl	grandstander
ofl	grapenuts
ofl	gravitasone
ofl	greatvibes
ofl	grechenfuemen
ofl	grenze
ofl	grenzegotisch
ofl	greyqo
ofl	griffy
ofl	gruppo
ofl	gudea
ofl	gugi
ofl	gulim
ofl	gulimche
ofl	gulzar
ofl	gungsuh
ofl	gungsuhche
ofl	gupter
ofl	gurajada
ofl	gveretlevin
ofl	gwendolyn
ofl	habibi
ofl	hachimarupop
ofl	hahmlet
ofl	halant
ofl	hammersmithone
ofl	hanalei
ofl	hanaleifill
ofl	handjet
ofl	handlee
ofl	hankengrotesk
ofl	hanuman
ofl	happymonkey
ofl	harmattan
ofl	headlandone
ofl	hedvigletterssans
ofl	hedviglettersserif
ofl	heebo
ofl	hennypenny
ofl	heptaslab
ofl	hermeneusone
ofl	herrvonmuellerhoff
ofl	hiburmono
ofl	himelody
ofl	hinamincho
ofl	hind
ofl	hindcolombo
ofl	hindguntur
ofl	hindjalandhar
ofl	hindkochi
ofl	hindmadurai
ofl	hindmysuru
ofl	hindsiliguri
ofl	hindvadodara
ofl	holtwoodonesc
apache	homemadeapple
ofl	homenaje
ofl	honk
ofl	hostgrotesk
ofl	hubballi
ofl	hubotsans
ofl	huninn
ofl	hurricane
ofl	iansui
ofl	ibarrarealnova
ofl	ibmplexmono
ofl	ibmplexsans
ofl	ibmplexsansarabic
ofl	ibmplexsanscondensed
ofl	ibmplexsansdevanagari
ofl	ibmplexsanshebrew
ofl	ibmplexsansjp
ofl	ibmplexsanskr
ofl	ibmplexsansthai
ofl	ibmplexsansthailooped
ofl	ibmplexserif
ofl	iceberg
ofl	iceland
ofl	idiqlat
ofl	imbue
ofl	imfelldoublepica
ofl	imfelldoublepicasc
ofl	imfelldwpica
ofl	imfelldwpicasc
ofl	imfellenglish
ofl	imfellenglishsc
ofl	imfellfrenchcanon
ofl	imfellfrenchcanonsc
ofl	imfellgreatprimer
ofl	imfellgreatprimersc
ofl	imperialscript
ofl	imprima
ofl	inclusivesans
ofl	inconsolata
ofl	inder
ofl	indieflower
ofl	ingriddarling
ofl	inika
ofl	inknutantiqua
ofl	inriasans
ofl	inriaserif
ofl	inspiration
ofl	instrumentsans
ofl	instrumentserif
ofl	intelonemono
ofl	inter
ofl	intertight
ofl	iosevkacharon
ofl	iosevkacharonmono
apache	irishgrover
ofl	islandmoments
ofl	istokweb
ofl	italiana
ofl	italianno
ofl	itim
ofl	jacquard12
ofl	jacquard12charted
ofl	jacquard24
ofl	jacquard24charted
ofl	jacquardabastarda9
ofl	jacquardabastarda9charted
ofl	jacquesfrancois
ofl	jacquesfrancoisshadow
ofl	jaini
ofl	jainipurva
ofl	jaldi
ofl	jaro
ofl	jersey10
ofl	jersey10charted
ofl	jersey15
ofl	jersey15charted
ofl	jersey20
ofl	jersey20charted
ofl	jersey25
ofl	jersey25charted
ofl	jetbrainsmono
ofl	jimnightshade
ofl	joan
ofl	jockeyone
ofl	jollylodger
ofl	jomhuria
ofl	jomolhari
ofl	josefinsans
ofl	josefinslab
ofl	jost
ofl	jotione
apache	jsmathcmbx10
apache	jsmathcmex10
apache	jsmathcmmi10
apache	jsmathcmr10
apache	jsmathcmsy10
apache	jsmathcmti10
ofl	jua
ofl	judson
ofl	julee
ofl	juliussansone
ofl	junge
ofl	jura
apache	justanotherhand
ofl	justmeagaindownhere
ofl	k2d
ofl	kablammo
ofl	kadwa
ofl	kaiseidecol
ofl	kaiseiharunoumi
ofl	kaiseiopti
ofl	kaiseitokumin
ofl	kalam
ofl	kalnia
ofl	kalniaglaze
ofl	kameron
ofl	kanchenjunga
ofl	kanit
ofl	kantumruypro
ofl	kapakana
ofl	karantina
ofl	karla
ofl	karlatamilinclined
ofl	karlatamilupright
ofl	karma
ofl	katibeh
ofl	kaushanscript
ofl	kavivanar
ofl	kavoon
ofl	kayphodu
ofl	kdamthmorpro
ofl	keaniaone
ofl	kedebideri
ofl	kellyslab
ofl	kenia
ofl	khand
ofl	khmer
ofl	khula
ofl	kings
ofl	kiranghaerang
ofl	kiteone
ofl	kiwimaru
ofl	kleeone
ofl	knewave
ofl	kodchasan
ofl	kodemono
ofl	koho
ofl	kohsantepheap
ofl	kolkerbrush
ofl	konkhmersleokchher
apache	kosugi
apache	kosugimaru
ofl	kottaone
ofl	koulen
apache	kranky
ofl	kreon
ofl	kristi
ofl	kronaone
ofl	krub
ofl	kufam
ofl	kulimpark
ofl	kumarone
ofl	kumaroneoutline
ofl	kumbhsans
ofl	kurale
ofl	labelleaurore
ofl	labrada
ofl	lacquer
ofl	laila
ofl	lakkireddy
ofl	lalezar
ofl	lancelot
ofl	langar
ofl	lateef
ofl	lato
ofl	lavishlyyours
ofl	leaguegothic
ofl	leaguescript
ofl	leaguespartan
ofl	leckerlione
ofl	ledger
ofl	lekton
ofl	lemon
ofl	lemonada
ofl	lexend
ofl	lexenddeca
ofl	lexendexa
ofl	lexendgiga
ofl	lexendmega
ofl	lexendpeta
ofl	lexendtera
ofl	lexendzetta
ofl	libertinuskeyboard
ofl	libertinusmath
ofl	libertinusmono
ofl	libertinussans
ofl	libertinusserif
ofl	libertinusserifdisplay
ofl	librebarcode128
ofl	librebarcode128text
ofl	librebarcode39
ofl	librebarcode39extended
ofl	librebarcode39extendedtext
ofl	librebarcode39text
ofl	librebarcodeean13text
ofl	librebaskerville
ofl	librebodoni
ofl	librecaslondisplay
ofl	librecaslontext
ofl	librefranklin
ofl	licorice
ofl	lifesavers
ofl	lilex
ofl	lilitaone
ofl	lilyscriptone
ofl	limelight
ofl	lindenhill
ofl	linefont
ofl	lineseedjp
ofl	lisubosa
ofl	liter
ofl	literata
ofl	liujianmaocao
ofl	livvic
ofl	lobster
ofl	lobstertwo
ofl	lohitbengali
ofl	lohittamil
ofl	londrinaoutline
ofl	londrinashadow
ofl	londrinasketch
ofl	londrinasolid
ofl	longcang
ofl	lora
ofl	lovedbytheking
ofl	lovelight
ofl	loversquarrel
ofl	loveyalikeasister
apache	luckiestguy
ofl	lugrasimo
ofl	lumanosimo
ofl	lunasima
ofl	lusitana
ofl	lustria
ofl	luxuriousroman
ofl	luxuriousscript
ofl	lxgwmarkergothic
ofl	lxgwwenkaimonotc
ofl	lxgwwenkaitc
ofl	macondo
ofl	macondoswashcaps
ofl	mada
ofl	madimione
ofl	magra
apache	maidenorange
ofl	maitree
ofl	majormonodisplay
ofl	mako
ofl	mali
ofl	mallanna
ofl	maname
ofl	mandali
ofl	manjari
ofl	manrope
ofl	mansalva
ofl	manuale
ofl	manufacturingconsent
ofl	marcellus
ofl	marcellussc
ofl	marckscript
ofl	margarine
ofl	marhey
ofl	markazitext
ofl	markoone
ofl	marmelad
ofl	martel
ofl	martelsans
ofl	martianmono
ofl	marvel
ofl	mashanzheng
ofl	matangi
ofl	mate
ofl	matemasie
ofl	matesc
ofl	mavenpro
ofl	mclaren
ofl	meaculpa
ofl	meddon
ofl	medievalsharp
ofl	medulaone
ofl	meerainimai
ofl	megrim
ofl	meiescript
ofl	menbere
ofl	meowscript
ofl	mergeone
ofl	merienda
ofl	merriweather
ofl	merriweathersans
ofl	mervalescript
ofl	metal
ofl	metalmania
ofl	metamorphous
ofl	metrophobic
ofl	miama
ofl	michroma
ofl	micro5
ofl	micro5charted
ofl	milonga
ofl	miltonian
ofl	miltoniantattoo
ofl	mina
ofl	mingzat
ofl	miniver
ofl	mirandasans
ofl	miriamlibre
ofl	mirza
ofl	missfajardose
ofl	mitr
ofl	mochiypopone
ofl	mochiypoppone
ofl	modak
ofl	modernantiqua
ofl	moderustic
ofl	mogra
ofl	mohave
ofl	moiraione
ofl	molengo
ofl	molle
ofl	momosignature
ofl	momotrustdisplay
ofl	momotrustsans
ofl	monasans
ofl	monda
ofl	monofett
ofl	monomakh
ofl	monomaniacone
ofl	monoton
ofl	monsieurladoulaise
ofl	montaga
ofl	montaguslab
ofl	montecarlo
ofl	montenegringothicone
apache	montez
ofl	montserrat
ofl	montserratalternates
ofl	montserratsubrayada
ofl	montserratunderline
ofl	moolahlah
ofl	mooli
ofl	moondance
ofl	moul
ofl	moulpali
apache	mountainsofchristmas
ofl	mousememoirs
ofl	mozillaheadline
ofl	mozillatext
ofl	mplus1
ofl	mplus1code
ofl	mplus1p
ofl	mplus2
ofl	mpluscodelatin
ofl	mplusrounded1c
ofl	mplusu
ofl	mrbedfort
ofl	mrdafoe
ofl	mrdehaviland
ofl	mrssaintdelafield
ofl	mrssheppards
ofl	msmadi
ofl	mukta
ofl	muktamahee
ofl	muktamalar
ofl	muktavaani
ofl	mulish
ofl	murecho
ofl	museomoderno
ofl	mynerve
ofl	mysoul
ofl	mysteryquest
ofl	nabla
ofl	namdhinggo
ofl	nanumbrushscript
ofl	nanumgothic
ofl	nanumgothiccoding
ofl	nanummyeongjo
ofl	nanumpenscript
ofl	narnoor
ofl	natasans
ofl	nationalpark
ofl	nats
ofl	neonderthaw
ofl	nerkoone
ofl	neucha
ofl	neuton
ofl	newamsterdam
ofl	newrocker
ofl	newscycle
ofl	newsreader
ofl	newtegomin
ofl	niconne
ofl	niramit
ofl	nixieone
ofl	nobile
ofl	nokora
ofl	norican
ofl	nosifer
ofl	nosifercaps
ofl	notable
ofl	nothingyoucoulddo
ofl	noticiatext
ofl	notocoloremoji
ofl	notocoloremojicompattest
ofl	notoemoji
ofl	notokufiarabic
ofl	notomusic
ofl	notonaskharabic
ofl	notonaskharabicui
ofl	notonastaliqurdu
ofl	notorashihebrew
ofl	notosans
ofl	notosansadlam
ofl	notosansadlamunjoined
ofl	notosansanatolianhieroglyphs
ofl	notosansarabic
ofl	notosansarabicui
ofl	notosansarmenian
ofl	notosansavestan
ofl	notosansbalinese
ofl	notosansbamum
ofl	notosansbassavah
ofl	notosansbatak
ofl	notosansbengali
ofl	notosansbengaliui
ofl	notosansbhaiksuki
ofl	notosansbrahmi
ofl	notosansbuginese
ofl	notosansbuhid
ofl	notosanscanadianaboriginal
ofl	notosanscarian
ofl	notosanscaucasianalbanian
ofl	notosanschakma
ofl	notosanscham
ofl	notosanscherokee
ofl	notosanschorasmian
ofl	notosanscoptic
ofl	notosanscuneiform
ofl	notosanscypriot
ofl	notosanscyprominoan
ofl	notosansdeseret
ofl	notosansdevanagari
ofl	notosansdevanagariui
ofl	notosansdisplay
ofl	notosansduployan
ofl	notosansegyptianhieroglyphs
ofl	notosanselbasan
ofl	notosanselymaic
ofl	notosansethiopic
ofl	notosansgeorgian
ofl	notosansglagolitic
ofl	notosansgothic
ofl	notosansgrantha
ofl	notosansgujarati
ofl	notosansgujaratiui
ofl	notosansgunjalagondi
ofl	notosansgurmukhi
ofl	notosansgurmukhiui
ofl	notosanshanifirohingya
ofl	notosanshanunoo
ofl	notosanshatran
ofl	notosanshebrew
ofl	notosanshk
ofl	notosansimperialaramaic
ofl	notosansindicsiyaqnumbers
ofl	notosansinscriptionalpahlavi
ofl	notosansinscriptionalparthian
ofl	notosansjavanese
ofl	notosansjp
ofl	notosanskaithi
ofl	notosanskannada
ofl	notosanskannadaui
ofl	notosanskawi
ofl	notosanskayahli
ofl	notosanskharoshthi
ofl	notosanskhmer
ofl	notosanskhmerui
ofl	notosanskhojki
ofl	notosanskhudawadi
ofl	notosanskr
ofl	notosanslao
ofl	notosanslaolooped
ofl	notosanslaoui
ofl	notosanslepcha
ofl	notosanslimbu
ofl	notosanslineara
ofl	notosanslinearb
ofl	notosanslisu
ofl	notosanslycian
ofl	notosanslydian
ofl	notosansmahajani
ofl	notosansmalayalam
ofl	notosansmalayalamui
ofl	notosansmandaic
ofl	notosansmanichaean
ofl	notosansmarchen
ofl	notosansmasaramgondi
ofl	notosansmath
ofl	notosansmayannumerals
ofl	notosansmedefaidrin
ofl	notosansmeeteimayek
ofl	notosansmendekikakui
ofl	notosansmeroitic
ofl	notosansmiao
ofl	notosansmodi
ofl	notosansmongolian
ofl	notosansmono
ofl	notosansmro
ofl	notosansmultani
ofl	notosansmyanmar
ofl	notosansmyanmarui
ofl	notosansnabataean
ofl	notosansnagmundari
ofl	notosansnandinagari
ofl	notosansnewa
ofl	notosansnewtailue
ofl	notosansnko
ofl	notosansnko_todelist
ofl	notosansnkounjoined
ofl	notosansnushu
ofl	notosansogham
ofl	notosansolchiki
ofl	notosansoldhungarian
ofl	notosansolditalic
ofl	notosansoldnortharabian
ofl	notosansoldpermic
ofl	notosansoldpersian
ofl	notosansoldsogdian
ofl	notosansoldsoutharabian
ofl	notosansoldturkic
ofl	notosansoriya
ofl	notosansoriyaui
ofl	notosansosage
ofl	notosansosmanya
ofl	notosanspahawhhmong
ofl	notosanspalmyrene
ofl	notosanspaucinhau
ofl	notosansphagspa
ofl	notosansphoenician
ofl	notosanspsalterpahlavi
ofl	notosansrejang
ofl	notosansrunic
ofl	notosanssamaritan
ofl	notosanssaurashtra
ofl	notosanssc
ofl	notosanssharada
ofl	notosansshavian
ofl	notosanssiddham
ofl	notosanssignwriting
ofl	notosanssinhala
ofl	notosanssinhalaui
ofl	notosanssogdian
ofl	notosanssorasompeng
ofl	notosanssoyombo
ofl	notosanssundanese
ofl	notosanssunuwar
ofl	notosanssylotinagri
ofl	notosanssymbols
ofl	notosanssymbols2
ofl	notosanssyriac
ofl	notosanssyriaceastern
ofl	notosanssyriacwestern
ofl	notosanstagalog
ofl	notosanstagbanwa
ofl	notosanstaile
ofl	notosanstaitham
ofl	notosanstaiviet
ofl	notosanstakri
ofl	notosanstamil
ofl	notosanstamilsupplement
ofl	notosanstamilui
ofl	notosanstangsa
ofl	notosanstc
ofl	notosanstelugu
ofl	notosansteluguui
ofl	notosansthaana
ofl	notosansthai
ofl	notosansthailooped
ofl	notosansthaiui
ofl	notosanstifinagh
ofl	notosanstirhuta
ofl	notosansugaritic
ofl	notosansvai
ofl	notosansvithkuqi
ofl	notosanswancho
ofl	notosanswarangciti
ofl	notosansyi
ofl	notosanszanabazarsquare
ofl	notoserif
ofl	notoserifahom
ofl	notoserifarmenian
ofl	notoserifbalinese
ofl	notoserifbengali
ofl	notoserifdevanagari
ofl	notoserifdisplay
ofl	notoserifdivesakuru
ofl	notoserifdogra
ofl	notoserifethiopic
ofl	notoserifgeorgian
ofl	notoserifgrantha
ofl	notoserifgujarati
ofl	notoserifgurmukhi
ofl	notoserifhebrew
ofl	notoserifhentaigana
ofl	notoserifhk
ofl	notoserifjp
ofl	notoserifkannada
ofl	notoserifkhitansmallscript
ofl	notoserifkhmer
ofl	notoserifkhojki
ofl	notoserifkr
ofl	notoseriflao
ofl	notoserifmakasar
ofl	notoserifmalayalam
ofl	notoserifmyanmar
ofl	notoserifnphmong
ofl	notoserifnyiakengpuachuehmong
ofl	notoserifolduyghur
ofl	notoseriforiya
ofl	notoserifottomansiyaq
ofl	notoserifsc
ofl	notoserifsinhala
ofl	notoseriftamil
ofl	notoseriftangut
ofl	notoseriftc
ofl	notoseriftelugu
ofl	notoserifthai
ofl	notoseriftibetan
ofl	notoseriftodhri
ofl	notoseriftoto
ofl	notoserifvithkuqi
ofl	notoserifyezidi
ofl	nototraditionalnushu
ofl	notoznamennymusicalnotation
ofl	novacut
ofl	novaflat
ofl	novamono
ofl	novaoval
ofl	novaround
ofl	novascript
ofl	novaslim
ofl	novasquare
ofl	ntr
ofl	numans
ofl	nunito
ofl	nunitosans
ofl	nuosusil
ofl	odibeesans
ofl	odormeanchey
ofl	offside
ofl	oflsortsmillgoudytt
ofl	oi
ofl	ojuju
ofl	oldenburg
ofl	oldstandardtt
ofl	ole
ofl	oleoscript
ofl	oleoscriptswashcaps
ofl	onest
ofl	ooohbaby
ofl	opensans
ofl	oranienbaum
ofl	orbit
ofl	orbitron
ofl	oregano
ofl	orelegaone
ofl	orienta
ofl	originalsurfer
ofl	oswald
ofl	otomanopeeone
ofl	outfit
ofl	overlock
ofl	overlocksc
ofl	overpass
ofl	overpassmono
ofl	overtherainbow
ofl	ovo
ofl	oxanium
ofl	oxygen
ofl	oxygenmono
ofl	pacifico
ofl	padauk
ofl	padyakkeexpandedone
ofl	palanquin
ofl	palanquindark
ofl	palettemosaic
ofl	pangolin
ofl	paprika
ofl	parastoo
ofl	parisienne
ofl	parkinsans
ofl	passeroone
ofl	passionone
ofl	passionsconflict
ofl	pathwayextreme
ofl	pathwaygothicone
ofl	patrickhand
ofl	patrickhandsc
ofl	pattaya
ofl	patuaone
ofl	pavanam
ofl	paytoneone
ofl	peddana
ofl	peralta
apache	permanentmarker
ofl	petemoss
ofl	petitformalscript
ofl	petrona
ofl	phetsarath
ofl	philosopher
ofl	phudu
ofl	piazzolla
ofl	piedra
ofl	pinyonscript
ofl	pirataone
ofl	pixelifysans
ofl	plaster
ofl	platypi
ofl	play
ofl	playball
ofl	playfair
ofl	playfairdisplay
ofl	playfairdisplaysc
ofl	playpensans
ofl	playpensansarabic
ofl	playpensansdeva
ofl	playpensanshebrew
ofl	playpensansthai
ofl	playwritear
ofl	playwritearguides
ofl	playwriteat
ofl	playwriteatguides
ofl	playwriteaunsw
ofl	playwriteaunswguides
ofl	playwriteauqld
ofl	playwriteauqldguides
ofl	playwriteausa
ofl	playwriteausaguides
ofl	playwriteautas
ofl	playwriteautasguides
ofl	playwriteauvic
ofl	playwriteauvicguides
ofl	playwritebevlg
ofl	playwritebevlgguides
ofl	playwritebewal
ofl	playwritebewalguides
ofl	playwritebr
ofl	playwritebrguides
ofl	playwriteca
ofl	playwritecaguides
ofl	playwritecl
ofl	playwriteclguides
ofl	playwriteco
ofl	playwritecoguides
ofl	playwritecu
ofl	playwritecuguides
ofl	playwritecz
ofl	playwriteczguides
ofl	playwritedegrund
ofl	playwritedegrundguides
ofl	playwritedela
ofl	playwritedelaguides
ofl	playwritedesas
ofl	playwritedesasguides
ofl	playwritedeva
ofl	playwritedevaguides
ofl	playwritedkloopet
ofl	playwritedkloopetguides
ofl	playwritedkuloopet
ofl	playwritedkuloopetguides
ofl	playwritees
ofl	playwriteesdeco
ofl	playwriteesdecoguides
ofl	playwriteesguides
ofl	playwritefrmoderne
ofl	playwritefrmoderneguides
ofl	playwritefrtrad
ofl	playwritefrtradguides
ofl	playwritegbj
ofl	playwritegbjguides
ofl	playwritegbs
ofl	playwritegbsguides
ofl	playwritehr
ofl	playwritehrguides
ofl	playwritehrlijeva
ofl	playwritehrlijevaguides
ofl	playwritehu
ofl	playwritehuguides
ofl	playwriteid
ofl	playwriteidguides
ofl	playwriteie
ofl	playwriteieguides
ofl	playwritein
ofl	playwriteinguides
ofl	playwriteis
ofl	playwriteisguides
ofl	playwriteitmoderna
ofl	playwriteitmodernaguides
ofl	playwriteittrad
ofl	playwriteittradguides
ofl	playwritemx
ofl	playwritemxguides
ofl	playwritengmodern
ofl	playwritengmodernguides
ofl	playwritenl
ofl	playwritenlguides
ofl	playwriteno
ofl	playwritenoguides
ofl	playwritenz
ofl	playwritenzbasic
ofl	playwritenzbasicguides
ofl	playwritenzguides
ofl	playwritepe
ofl	playwritepeguides
ofl	playwritepl
ofl	playwriteplguides
ofl	playwritept
ofl	playwriteptguides
ofl	playwritero
ofl	playwriteroguides
ofl	playwritesk
ofl	playwriteskguides
ofl	playwritetz
ofl	playwritetzguides
ofl	playwriteusmodern
ofl	playwriteusmodernguides
ofl	playwriteustrad
ofl	playwriteustradguides
ofl	playwritevn
ofl	playwritevnguides
ofl	playwriteza
ofl	playwritezaguides
ofl	pliant
ofl	plusjakartasans
ofl	pochaevsk
ofl	podkova
ofl	poetsenone
ofl	poiretone
ofl	pollerone
ofl	poltawskinowy
ofl	poly
ofl	pompiere
ofl	ponnala
ofl	ponomar
ofl	pontanosans
ofl	poorstory
ofl	poppins
ofl	portersansblock
ofl	portlligatsans
ofl	portlligatslab
ofl	pottaone
ofl	pragatinarrow
ofl	praise
ofl	prata
ofl	preahvihear
ofl	pressstart2p
ofl	pridi
ofl	princesssofia
ofl	prociono
ofl	prompt
ofl	prostoone
ofl	protestguerrilla
ofl	protestrevolution
ofl	protestriot
ofl	proteststrike
ofl	prozalibre
ofl	ptmono
ofl	ptsans
ofl	ptsanscaption
ofl	ptsansnarrow
ofl	ptserif
ofl	ptserifcaption
ofl	publicsans
ofl	puppiesplay
ofl	puritan
ofl	purplepurse
ofl	pushster
ofl	qahiri
ofl	quando
ofl	quantico
ofl	quattrocento
ofl	quattrocentosans
ofl	questrial
ofl	quicksand
ofl	quintessential
ofl	qwigley
ofl	qwitchergrypen
ofl	racingsansone
ofl	radiocanada
ofl	radiocanadabig
ofl	radley
ofl	rajdhani
ofl	rakkas
ofl	raleway
ofl	ralewaydots
ofl	ramabhadra
ofl	ramaraja
ofl	rambla
ofl	rammettoone
ofl	rampartone
ofl	ramsina
ofl	ranchers
apache	rancho
ofl	ranga
ofl	rasa
ofl	rationale
ofl	raviprakash
ofl	readexpro
ofl	recursive
ofl	redacted
ofl	redactedscript
ofl	redditmono
ofl	redditsans
ofl	redditsanscondensed
ofl	redhatdisplay
ofl	redhatmono
ofl	redhattext
apache	redressed
ofl	redrose
ofl	reemkufi
ofl	reemkufifun
ofl	reemkufiink
ofl	reeniebeanie
ofl	reggaeone
ofl	rem
ofl	rethinksans
ofl	revalia
ofl	rhodiumlibre
ofl	ribeye
ofl	ribeyemarrow
ofl	righteous
ofl	risque
ofl	roadrage
ofl	roboto
ofl	robotocondensed
ofl	robotoflex
ofl	robotomono
ofl	robotoserif
apache	robotoslab
apache	rochester
ofl	rock3d
ofl	rocknrollone
apache	rocksalt
ofl	rokkitt
ofl	romanesco
ofl	ropasans
ofl	rosario
ofl	rosarivo
ofl	rougescript
ofl	rowdies
ofl	rozhaone
ofl	rubik
ofl	rubik80sfade
ofl	rubikbeastly
ofl	rubikbrokenfax
ofl	rubikbubbles
ofl	rubikburned
ofl	rubikdirt
ofl	rubikdistressed
ofl	rubikdoodleshadow
ofl	rubikdoodletriangles
ofl	rubikgemstones
ofl	rubikglitch
ofl	rubikglitchpop
ofl	rubikiso
ofl	rubiklines
ofl	rubikmaps
ofl	rubikmarkerhatch
ofl	rubikmaze
ofl	rubikmicrobe
ofl	rubikmonoone
ofl	rubikmoonrocks
ofl	rubikone
ofl	rubikpixels
ofl	rubikpuddles
ofl	rubikscribble
ofl	rubikspraypaint
ofl	rubikstorm
ofl	rubikvinyl
ofl	rubikwetpaint
ofl	ruda
ofl	rufina
ofl	rugeboogie
ofl	ruluko
ofl	rumraisin
ofl	ruslandisplay
ofl	russoone
ofl	ruthie
ofl	ruwudu
ofl	rye
ofl	sacramento
ofl	sahitya
ofl	sail
ofl	saira
ofl	sairacondensed
ofl	sairaextracondensed
ofl	sairasemicondensed
ofl	sairastencil
ofl	sairastencilone
ofl	salsa
ofl	sanchez
ofl	sancreek
ofl	sankofadisplay
ofl	sansation
ofl	sansita
ofl	sansitaone
ofl	sansitaswashed
ofl	sarabun
ofl	sarala
ofl	sarina
ofl	sarpanch
ofl	sassyfrass
apache	satisfy
ofl	savate
ofl	sawarabigothic
ofl	sawarabimincho
ofl	scada
ofl	scheherazadenew
ofl	schibstedgrotesk
apache	schoolbell
ofl	sciencegothic
ofl	scopeone
ofl	scoutiesans
ofl	seaweedscript
ofl	secularone
ofl	sedan
ofl	sedansc
ofl	sedgwickave
ofl	sedgwickavedisplay
ofl	sekuya
ofl	sen
ofl	sendflowers
ofl	sevillana
ofl	seymourone
ofl	shadowsintolight
ofl	shadowsintolighttwo
ofl	shafarik
ofl	shalimar
ofl	shantellsans
ofl	shanti
ofl	share
ofl	sharetech
ofl	sharetechmono
ofl	shipporiantique
ofl	shipporiantiqueb1
ofl	shipporimincho
ofl	shipporiminchob1
ofl	shizuru
ofl	shojumaru
ofl	shortstack
ofl	shrikhand
ofl	siemreap
ofl	sigmar
ofl	sigmarone
ofl	signika
ofl	signikanegative
ofl	signikanegativesc
ofl	signikasc
ofl	silkscreen
ofl	simonetta
ofl	singleday
ofl	sintony
ofl	sirinstencil
ofl	sirivennela
ofl	sitara
ofl	sixcaps
ofl	sixtyfour
ofl	sixtyfourconvergence
ofl	skranji
ofl	slabo13px
ofl	slabo27px
apache	slackey
ofl	slacksideone
apache	smokum
ofl	smooch
ofl	smoochsans
ofl	smythe
ofl	sniglet
ofl	snippet
ofl	snowburstone
ofl	snpro
ofl	sofadione
ofl	sofia
ofl	sofiasans
ofl	sofiasanscondensed
ofl	sofiasansextracondensed
ofl	sofiasanssemicondensed
ofl	solitreo
ofl	solway
ofl	sometypemono
ofl	songmyung
ofl	sono
ofl	sonsieone
ofl	sora
ofl	sortsmillgoudy
ofl	sourcecodepro
ofl	sourcesans3
ofl	sourceserif4
ofl	sourgummy
ofl	spacegrotesk
ofl	spacemono
apache	specialelite
ofl	specialgothic
ofl	specialgothiccondensedone
ofl	specialgothicexpandedone
ofl	spectral
ofl	spectralsc
ofl	spicyrice
ofl	spinnaker
ofl	spirax
ofl	splash
ofl	splinesans
ofl	splinesansmono
ofl	squadaone
ofl	squarepeg
ofl	sreekrushnadevaraya
ofl	sriracha
ofl	srisakdi
ofl	staatliches
ofl	stacksansheadline
ofl	stacksansnotch
ofl	stacksanstext
ofl	stalemate
ofl	stalinistone
ofl	stardosstencil
ofl	stick
ofl	sticknobills
ofl	stintultracondensed
ofl	stintultraexpanded
ofl	stixtwomath
ofl	stixtwotext
ofl	stoke
ofl	storyscript
ofl	strait
ofl	strichpunktsans
ofl	strong
ofl	stylescript
ofl	stylish
ofl	sueellenfrancisco
ofl	suezone
ofl	sulphurpoint
ofl	sumana
ofl	sunflower
apache	sunshiney
ofl	supermercadoone
ofl	sura
ofl	suranna
ofl	suravaram
ofl	suse
ofl	susemono
ofl	suwannaphum
ofl	swankyandmoomoo
apache	syncopate
ofl	syne
ofl	synemono
ofl	synetactile
ofl	tacone
ofl	tagesschrift
ofl	taiheritagepro
ofl	tajawal
ofl	tangerine
ofl	tapestry
ofl	taprom
ofl	tasaexplorer
ofl	tasaorbiter
ofl	tauri
ofl	taviraj
ofl	teachers
ofl	teko
ofl	tektur
ofl	telex
ofl	tenaliramakrishna
ofl	tenorsans
ofl	textmeone
ofl	texturina
ofl	thabit
ofl	thasadith
ofl	thegirlnextdoor
ofl	thenautigal
ofl	tienne
ofl	tiktoksans
ofl	tillana
ofl	tiltneon
ofl	tiltprism
ofl	tiltwarp
ofl	timmana
ofl	tinos
ofl	tiny5
ofl	tirobangla
ofl	tirodevanagarihindi
ofl	tirodevanagarimarathi
ofl	tirodevanagarisanskrit
ofl	tirogurmukhi
ofl	tirokannada
ofl	tirotamil
ofl	tirotelugu
ofl	tirra
ofl	titanone
ofl	titilliumweb
ofl	tomorrow
ofl	tourney
ofl	tradewinds
ofl	trainone
ofl	triodion
ofl	trirong
ofl	trispace
ofl	trocchi
ofl	trochut
ofl	truculenta
ofl	trykker
ofl	tsukimirounded
ofl	tuffy
ofl	tulpenone
ofl	turretroad
ofl	twinklestar
ufl	ubuntu
ufl	ubuntucondensed
ufl	ubuntumono
ufl	ubuntusans
ufl	ubuntusansmono
ofl	uchen
apache	ultra
ofl	unbounded
ofl	uncialantiqua
ofl	underdog
ofl	unicaone
ofl	unifrakturcook
ofl	unifrakturmaguntia
apache	unkempt
ofl	unlock
ofl	unna
ofl	uoqmunthenkhung
ofl	updock
ofl	urbanist
ofl	vampiroone
ofl	varela
ofl	varelaround
ofl	varta
ofl	vastshadow
ofl	vazirmatn
ofl	vendsans
ofl	vesperlibre
ofl	viaodalibre
ofl	vibes
ofl	vibur
ofl	victormono
ofl	vidaloka
ofl	viga
ofl	vinasans
ofl	voces
ofl	volkhov
ofl	vollkorn
ofl	vollkornsc
ofl	voltaire
ofl	vt323
ofl	vujahdayscript
ofl	waitingforthesunrise
ofl	wallpoet
apache	walterturncoat
ofl	warnes
ofl	waterbrush
ofl	waterfall
ofl	wavefont
ofl	wdxllubrifontjpn
ofl	wdxllubrifontsc
ofl	wdxllubrifonttc
ofl	wellfleet
ofl	wendyone
ofl	whisper
ofl	windsong
ofl	winkyrough
ofl	winkysans
ofl	wireone
ofl	wittgenstein
ofl	wixmadefordisplay
ofl	wixmadefortext
ofl	workbench
ofl	worksans
ofl	xanhmono
ofl	yaldevi
ofl	yaldevicolombo
ofl	yanonekaffeesatz
ofl	yantramanav
ofl	yarndings12
ofl	yarndings12charted
ofl	yarndings20
ofl	yarndings20charted
ofl	yatraone
apache	yellowtail
ofl	yeonsung
ofl	yesevaone
ofl	yesteryear
ofl	yinmar
ofl	yomogi
ofl	youngserif
ofl	yrsa
ofl	ysabeau
ofl	ysabeauinfant
ofl	ysabeauoffice
ofl	ysabeausc
ofl	yujiboku
ofl	yujihentaiganaakari
ofl	yujihentaiganaakebono
ofl	yujimai
ofl	yujisyuku
ofl	yuseimagic
ofl	yuyu
ofl	yuyushort
ofl	zain
ofl	zalandosans
ofl	zalandosansexpanded
ofl	zalandosanssemiexpanded
ofl	zcoolkuaile
ofl	zcoolqingkehuangyou
ofl	zcoolxiaowei
ofl	zenantique
ofl	zenantiquesoft
ofl	zendots
ofl	zenkakugothicantique
ofl	zenkakugothicnew
ofl	zenkurenaido
ofl	zenloop
ofl	zenmarugothic
ofl	zenoldmincho
ofl	zentokyozoo
ofl	zeyada
ofl	zhimangxing
ofl	zillaslab
ofl	zillaslabhighlight
